Query,CV,output,flag,username,timestamp
,flagged\CV\8c160f9d1df8a33374a6\data-science-cv-example.pdf,"To pursue a career as a Data Scientist, you should consider the following steps based on the job descriptions provided:

1. Gain relevant experience in data science or related roles, preferably at least 5 years for a Data Scientist position.
2. Develop proficiency in programming languages such as Python or Pyspark, as well as analytics languages like SQL and visualization tools such as PowerBI.
3. Acquire strong knowledge of Revenue Growth Management and financial predictive modeling techniques.
4. Be skilled at working with both structured and unstructured data sources.
5. Demonstrate independence in problem-solving and the ability to translate complex concepts into practical applications for various audiences.
6. Cultivate strong communication skills to effectively present results to senior stakeholders.

Reference Job ID: 54",,,2024-07-01 17:39:35.879959
